Model,MAE,MSE,RMSE,R2_Score
Linear Regression,2.9763737119208526,93.67868437819374,9.67877494201584,-0.06464475438357753
Decision Tree Regressor,3.9835730924106034,177.47141172074967,13.321839652268363,-1.0169370310406083
Random Forest Regressor,3.452729957247656,116.81832422064662,10.808252597929354,-0.32762342813539713
